job_id,rerun_count,name,output_file_name,instantiation
884213,0,cpp-serial,cpp-serial__884213.out,gASVFAAAAAAAAAB9lIwEYXJnc5SMBjEgNTAwMJRzLg==
884214,1,cpp-serial,cpp-serial__884214.out,gASVFAAAAAAAAAB9lIwEYXJnc5SMBjEgNTAwMJRzLg==
884215,2,cpp-serial,cpp-serial__884215.out,gASVFAAAAAAAAAB9lIwEYXJnc5SMBjEgNTAwMJRzLg==
884216,3,cpp-serial,cpp-serial__884216.out,gASVFAAAAAAAAAB9lIwEYXJnc5SMBjEgNTAwMJRzLg==
884217,4,cpp-serial,cpp-serial__884217.out,gASVFAAAAAAAAAB9lIwEYXJnc5SMBjEgNTAwMJRzLg==
884218,0,cpp-serial,cpp-serial__884218.out,gASVFAAAAAAAAAB9lIwEYXJnc5SMBjIgNTAwMJRzLg==
884219,1,cpp-serial,cpp-serial__884219.out,gASVFAAAAAAAAAB9lIwEYXJnc5SMBjIgNTAwMJRzLg==
884220,2,cpp-serial,cpp-serial__884220.out,gASVFAAAAAAAAAB9lIwEYXJnc5SMBjIgNTAwMJRzLg==
884221,3,cpp-serial,cpp-serial__884221.out,gASVFAAAAAAAAAB9lIwEYXJnc5SMBjIgNTAwMJRzLg==
884222,4,cpp-serial,cpp-serial__884222.out,gASVFAAAAAAAAAB9lIwEYXJnc5SMBjIgNTAwMJRzLg==
884223,0,cpp-serial,cpp-serial__884223.out,gASVFAAAAAAAAAB9lIwEYXJnc5SMBjQgNTAwMJRzLg==
884224,1,cpp-serial,cpp-serial__884224.out,gASVFAAAAAAAAAB9lIwEYXJnc5SMBjQgNTAwMJRzLg==
884225,2,cpp-serial,cpp-serial__884225.out,gASVFAAAAAAAAAB9lIwEYXJnc5SMBjQgNTAwMJRzLg==
884226,3,cpp-serial,cpp-serial__884226.out,gASVFAAAAAAAAAB9lIwEYXJnc5SMBjQgNTAwMJRzLg==
884227,4,cpp-serial,cpp-serial__884227.out,gASVFAAAAAAAAAB9lIwEYXJnc5SMBjQgNTAwMJRzLg==
884228,0,cpp-serial,cpp-serial__884228.out,gASVFAAAAAAAAAB9lIwEYXJnc5SMBjggNTAwMJRzLg==
884229,1,cpp-serial,cpp-serial__884229.out,gASVFAAAAAAAAAB9lIwEYXJnc5SMBjggNTAwMJRzLg==
884230,2,cpp-serial,cpp-serial__884230.out,gASVFAAAAAAAAAB9lIwEYXJnc5SMBjggNTAwMJRzLg==
884231,3,cpp-serial,cpp-serial__884231.out,gASVFAAAAAAAAAB9lIwEYXJnc5SMBjggNTAwMJRzLg==
884232,4,cpp-serial,cpp-serial__884232.out,gASVFAAAAAAAAAB9lIwEYXJnc5SMBjggNTAwMJRzLg==
884233,0,cpp-serial,cpp-serial__884233.out,gASVFQAAAAAAAAB9lIwEYXJnc5SMBzE2IDUwMDCUcy4=
884234,1,cpp-serial,cpp-serial__884234.out,gASVFQAAAAAAAAB9lIwEYXJnc5SMBzE2IDUwMDCUcy4=
884235,2,cpp-serial,cpp-serial__884235.out,gASVFQAAAAAAAAB9lIwEYXJnc5SMBzE2IDUwMDCUcy4=
884236,3,cpp-serial,cpp-serial__884236.out,gASVFQAAAAAAAAB9lIwEYXJnc5SMBzE2IDUwMDCUcy4=
884237,4,cpp-serial,cpp-serial__884237.out,gASVFQAAAAAAAAB9lIwEYXJnc5SMBzE2IDUwMDCUcy4=
884238,0,cpp-serial,cpp-serial__884238.out,gASVFQAAAAAAAAB9lIwEYXJnc5SMBzMyIDUwMDCUcy4=
884239,1,cpp-serial,cpp-serial__884239.out,gASVFQAAAAAAAAB9lIwEYXJnc5SMBzMyIDUwMDCUcy4=
884240,2,cpp-serial,cpp-serial__884240.out,gASVFQAAAAAAAAB9lIwEYXJnc5SMBzMyIDUwMDCUcy4=
884241,3,cpp-serial,cpp-serial__884241.out,gASVFQAAAAAAAAB9lIwEYXJnc5SMBzMyIDUwMDCUcy4=
884242,4,cpp-serial,cpp-serial__884242.out,gASVFQAAAAAAAAB9lIwEYXJnc5SMBzMyIDUwMDCUcy4=
884243,0,cpp-serial,cpp-serial__884243.out,gASVFQAAAAAAAAB9lIwEYXJnc5SMBzY0IDUwMDCUcy4=
884244,1,cpp-serial,cpp-serial__884244.out,gASVFQAAAAAAAAB9lIwEYXJnc5SMBzY0IDUwMDCUcy4=
884245,2,cpp-serial,cpp-serial__884245.out,gASVFQAAAAAAAAB9lIwEYXJnc5SMBzY0IDUwMDCUcy4=
884246,3,cpp-serial,cpp-serial__884246.out,gASVFQAAAAAAAAB9lIwEYXJnc5SMBzY0IDUwMDCUcy4=
884247,4,cpp-serial,cpp-serial__884247.out,gASVFQAAAAAAAAB9lIwEYXJnc5SMBzY0IDUwMDCUcy4=
884248,0,cpp-serial,cpp-serial__884248.out,gASVFgAAAAAAAAB9lIwEYXJnc5SMCDEyOCA1MDAwlHMu
884249,1,cpp-serial,cpp-serial__884249.out,gASVFgAAAAAAAAB9lIwEYXJnc5SMCDEyOCA1MDAwlHMu
884250,2,cpp-serial,cpp-serial__884250.out,gASVFgAAAAAAAAB9lIwEYXJnc5SMCDEyOCA1MDAwlHMu
884251,3,cpp-serial,cpp-serial__884251.out,gASVFgAAAAAAAAB9lIwEYXJnc5SMCDEyOCA1MDAwlHMu
884252,4,cpp-serial,cpp-serial__884252.out,gASVFgAAAAAAAAB9lIwEYXJnc5SMCDEyOCA1MDAwlHMu
884253,0,fortran-serial,fortran-serial__884253.out,gASVFAAAAAAAAAB9lIwEYXJnc5SMBjEgNTAwMJRzLg==
884254,1,fortran-serial,fortran-serial__884254.out,gASVFAAAAAAAAAB9lIwEYXJnc5SMBjEgNTAwMJRzLg==
884255,2,fortran-serial,fortran-serial__884255.out,gASVFAAAAAAAAAB9lIwEYXJnc5SMBjEgNTAwMJRzLg==
884256,3,fortran-serial,fortran-serial__884256.out,gASVFAAAAAAAAAB9lIwEYXJnc5SMBjEgNTAwMJRzLg==
884257,4,fortran-serial,fortran-serial__884257.out,gASVFAAAAAAAAAB9lIwEYXJnc5SMBjEgNTAwMJRzLg==
884258,0,fortran-serial,fortran-serial__884258.out,gASVFAAAAAAAAAB9lIwEYXJnc5SMBjIgNTAwMJRzLg==
884259,1,fortran-serial,fortran-serial__884259.out,gASVFAAAAAAAAAB9lIwEYXJnc5SMBjIgNTAwMJRzLg==
884260,2,fortran-serial,fortran-serial__884260.out,gASVFAAAAAAAAAB9lIwEYXJnc5SMBjIgNTAwMJRzLg==
884261,3,fortran-serial,fortran-serial__884261.out,gASVFAAAAAAAAAB9lIwEYXJnc5SMBjIgNTAwMJRzLg==
884262,4,fortran-serial,fortran-serial__884262.out,gASVFAAAAAAAAAB9lIwEYXJnc5SMBjIgNTAwMJRzLg==
884263,0,fortran-serial,fortran-serial__884263.out,gASVFAAAAAAAAAB9lIwEYXJnc5SMBjQgNTAwMJRzLg==
884264,1,fortran-serial,fortran-serial__884264.out,gASVFAAAAAAAAAB9lIwEYXJnc5SMBjQgNTAwMJRzLg==
884265,2,fortran-serial,fortran-serial__884265.out,gASVFAAAAAAAAAB9lIwEYXJnc5SMBjQgNTAwMJRzLg==
884266,3,fortran-serial,fortran-serial__884266.out,gASVFAAAAAAAAAB9lIwEYXJnc5SMBjQgNTAwMJRzLg==
884267,4,fortran-serial,fortran-serial__884267.out,gASVFAAAAAAAAAB9lIwEYXJnc5SMBjQgNTAwMJRzLg==
884268,0,fortran-serial,fortran-serial__884268.out,gASVFAAAAAAAAAB9lIwEYXJnc5SMBjggNTAwMJRzLg==
884269,1,fortran-serial,fortran-serial__884269.out,gASVFAAAAAAAAAB9lIwEYXJnc5SMBjggNTAwMJRzLg==
884270,2,fortran-serial,fortran-serial__884270.out,gASVFAAAAAAAAAB9lIwEYXJnc5SMBjggNTAwMJRzLg==
884271,3,fortran-serial,fortran-serial__884271.out,gASVFAAAAAAAAAB9lIwEYXJnc5SMBjggNTAwMJRzLg==
884272,4,fortran-serial,fortran-serial__884272.out,gASVFAAAAAAAAAB9lIwEYXJnc5SMBjggNTAwMJRzLg==
884273,0,fortran-serial,fortran-serial__884273.out,gASVFQAAAAAAAAB9lIwEYXJnc5SMBzE2IDUwMDCUcy4=
884274,1,fortran-serial,fortran-serial__884274.out,gASVFQAAAAAAAAB9lIwEYXJnc5SMBzE2IDUwMDCUcy4=
884275,2,fortran-serial,fortran-serial__884275.out,gASVFQAAAAAAAAB9lIwEYXJnc5SMBzE2IDUwMDCUcy4=
884276,3,fortran-serial,fortran-serial__884276.out,gASVFQAAAAAAAAB9lIwEYXJnc5SMBzE2IDUwMDCUcy4=
884277,4,fortran-serial,fortran-serial__884277.out,gASVFQAAAAAAAAB9lIwEYXJnc5SMBzE2IDUwMDCUcy4=
884278,0,fortran-serial,fortran-serial__884278.out,gASVFQAAAAAAAAB9lIwEYXJnc5SMBzMyIDUwMDCUcy4=
884279,1,fortran-serial,fortran-serial__884279.out,gASVFQAAAAAAAAB9lIwEYXJnc5SMBzMyIDUwMDCUcy4=
884280,2,fortran-serial,fortran-serial__884280.out,gASVFQAAAAAAAAB9lIwEYXJnc5SMBzMyIDUwMDCUcy4=
884281,3,fortran-serial,fortran-serial__884281.out,gASVFQAAAAAAAAB9lIwEYXJnc5SMBzMyIDUwMDCUcy4=
884282,4,fortran-serial,fortran-serial__884282.out,gASVFQAAAAAAAAB9lIwEYXJnc5SMBzMyIDUwMDCUcy4=
884283,0,fortran-serial,fortran-serial__884283.out,gASVFQAAAAAAAAB9lIwEYXJnc5SMBzY0IDUwMDCUcy4=
884284,1,fortran-serial,fortran-serial__884284.out,gASVFQAAAAAAAAB9lIwEYXJnc5SMBzY0IDUwMDCUcy4=
884285,2,fortran-serial,fortran-serial__884285.out,gASVFQAAAAAAAAB9lIwEYXJnc5SMBzY0IDUwMDCUcy4=
884286,3,fortran-serial,fortran-serial__884286.out,gASVFQAAAAAAAAB9lIwEYXJnc5SMBzY0IDUwMDCUcy4=
884287,4,fortran-serial,fortran-serial__884287.out,gASVFQAAAAAAAAB9lIwEYXJnc5SMBzY0IDUwMDCUcy4=
884288,0,fortran-serial,fortran-serial__884288.out,gASVFgAAAAAAAAB9lIwEYXJnc5SMCDEyOCA1MDAwlHMu
884289,1,fortran-serial,fortran-serial__884289.out,gASVFgAAAAAAAAB9lIwEYXJnc5SMCDEyOCA1MDAwlHMu
884290,2,fortran-serial,fortran-serial__884290.out,gASVFgAAAAAAAAB9lIwEYXJnc5SMCDEyOCA1MDAwlHMu
884291,3,fortran-serial,fortran-serial__884291.out,gASVFgAAAAAAAAB9lIwEYXJnc5SMCDEyOCA1MDAwlHMu
884292,4,fortran-serial,fortran-serial__884292.out,gASVFgAAAAAAAAB9lIwEYXJnc5SMCDEyOCA1MDAwlHMu
884293,0,rust-serial,rust-serial__884293.out,gASVFAAAAAAAAAB9lIwEYXJnc5SMBjEgNTAwMJRzLg==
884294,1,rust-serial,rust-serial__884294.out,gASVFAAAAAAAAAB9lIwEYXJnc5SMBjEgNTAwMJRzLg==
884295,2,rust-serial,rust-serial__884295.out,gASVFAAAAAAAAAB9lIwEYXJnc5SMBjEgNTAwMJRzLg==
884296,3,rust-serial,rust-serial__884296.out,gASVFAAAAAAAAAB9lIwEYXJnc5SMBjEgNTAwMJRzLg==
884297,4,rust-serial,rust-serial__884297.out,gASVFAAAAAAAAAB9lIwEYXJnc5SMBjEgNTAwMJRzLg==
884298,0,rust-serial,rust-serial__884298.out,gASVFAAAAAAAAAB9lIwEYXJnc5SMBjIgNTAwMJRzLg==
884299,1,rust-serial,rust-serial__884299.out,gASVFAAAAAAAAAB9lIwEYXJnc5SMBjIgNTAwMJRzLg==
884300,2,rust-serial,rust-serial__884300.out,gASVFAAAAAAAAAB9lIwEYXJnc5SMBjIgNTAwMJRzLg==
884301,3,rust-serial,rust-serial__884301.out,gASVFAAAAAAAAAB9lIwEYXJnc5SMBjIgNTAwMJRzLg==
884302,4,rust-serial,rust-serial__884302.out,gASVFAAAAAAAAAB9lIwEYXJnc5SMBjIgNTAwMJRzLg==
884303,0,rust-serial,rust-serial__884303.out,gASVFAAAAAAAAAB9lIwEYXJnc5SMBjQgNTAwMJRzLg==
884304,1,rust-serial,rust-serial__884304.out,gASVFAAAAAAAAAB9lIwEYXJnc5SMBjQgNTAwMJRzLg==
884305,2,rust-serial,rust-serial__884305.out,gASVFAAAAAAAAAB9lIwEYXJnc5SMBjQgNTAwMJRzLg==
884306,3,rust-serial,rust-serial__884306.out,gASVFAAAAAAAAAB9lIwEYXJnc5SMBjQgNTAwMJRzLg==
884307,4,rust-serial,rust-serial__884307.out,gASVFAAAAAAAAAB9lIwEYXJnc5SMBjQgNTAwMJRzLg==
884308,0,rust-serial,rust-serial__884308.out,gASVFAAAAAAAAAB9lIwEYXJnc5SMBjggNTAwMJRzLg==
884309,1,rust-serial,rust-serial__884309.out,gASVFAAAAAAAAAB9lIwEYXJnc5SMBjggNTAwMJRzLg==
884310,2,rust-serial,rust-serial__884310.out,gASVFAAAAAAAAAB9lIwEYXJnc5SMBjggNTAwMJRzLg==
884311,3,rust-serial,rust-serial__884311.out,gASVFAAAAAAAAAB9lIwEYXJnc5SMBjggNTAwMJRzLg==
884312,4,rust-serial,rust-serial__884312.out,gASVFAAAAAAAAAB9lIwEYXJnc5SMBjggNTAwMJRzLg==
884313,0,rust-serial,rust-serial__884313.out,gASVFQAAAAAAAAB9lIwEYXJnc5SMBzE2IDUwMDCUcy4=
884314,1,rust-serial,rust-serial__884314.out,gASVFQAAAAAAAAB9lIwEYXJnc5SMBzE2IDUwMDCUcy4=
884315,2,rust-serial,rust-serial__884315.out,gASVFQAAAAAAAAB9lIwEYXJnc5SMBzE2IDUwMDCUcy4=
884316,3,rust-serial,rust-serial__884316.out,gASVFQAAAAAAAAB9lIwEYXJnc5SMBzE2IDUwMDCUcy4=
884317,4,rust-serial,rust-serial__884317.out,gASVFQAAAAAAAAB9lIwEYXJnc5SMBzE2IDUwMDCUcy4=
884318,0,rust-serial,rust-serial__884318.out,gASVFQAAAAAAAAB9lIwEYXJnc5SMBzMyIDUwMDCUcy4=
884319,1,rust-serial,rust-serial__884319.out,gASVFQAAAAAAAAB9lIwEYXJnc5SMBzMyIDUwMDCUcy4=
884320,2,rust-serial,rust-serial__884320.out,gASVFQAAAAAAAAB9lIwEYXJnc5SMBzMyIDUwMDCUcy4=
884321,3,rust-serial,rust-serial__884321.out,gASVFQAAAAAAAAB9lIwEYXJnc5SMBzMyIDUwMDCUcy4=
884322,4,rust-serial,rust-serial__884322.out,gASVFQAAAAAAAAB9lIwEYXJnc5SMBzMyIDUwMDCUcy4=
884323,0,rust-serial,rust-serial__884323.out,gASVFQAAAAAAAAB9lIwEYXJnc5SMBzY0IDUwMDCUcy4=
884324,1,rust-serial,rust-serial__884324.out,gASVFQAAAAAAAAB9lIwEYXJnc5SMBzY0IDUwMDCUcy4=
884325,2,rust-serial,rust-serial__884325.out,gASVFQAAAAAAAAB9lIwEYXJnc5SMBzY0IDUwMDCUcy4=
884326,3,rust-serial,rust-serial__884326.out,gASVFQAAAAAAAAB9lIwEYXJnc5SMBzY0IDUwMDCUcy4=
884327,4,rust-serial,rust-serial__884327.out,gASVFQAAAAAAAAB9lIwEYXJnc5SMBzY0IDUwMDCUcy4=
884328,0,rust-serial,rust-serial__884328.out,gASVFgAAAAAAAAB9lIwEYXJnc5SMCDEyOCA1MDAwlHMu
884329,1,rust-serial,rust-serial__884329.out,gASVFgAAAAAAAAB9lIwEYXJnc5SMCDEyOCA1MDAwlHMu
884330,2,rust-serial,rust-serial__884330.out,gASVFgAAAAAAAAB9lIwEYXJnc5SMCDEyOCA1MDAwlHMu
884331,3,rust-serial,rust-serial__884331.out,gASVFgAAAAAAAAB9lIwEYXJnc5SMCDEyOCA1MDAwlHMu
884332,4,rust-serial,rust-serial__884332.out,gASVFgAAAAAAAAB9lIwEYXJnc5SMCDEyOCA1MDAwlHMu
884333,0,rust-serial-optimised,rust-serial-optimised__884333.out,gASVFAAAAAAAAAB9lIwEYXJnc5SMBjEgNTAwMJRzLg==
884334,1,rust-serial-optimised,rust-serial-optimised__884334.out,gASVFAAAAAAAAAB9lIwEYXJnc5SMBjEgNTAwMJRzLg==
884335,2,rust-serial-optimised,rust-serial-optimised__884335.out,gASVFAAAAAAAAAB9lIwEYXJnc5SMBjEgNTAwMJRzLg==
884336,3,rust-serial-optimised,rust-serial-optimised__884336.out,gASVFAAAAAAAAAB9lIwEYXJnc5SMBjEgNTAwMJRzLg==
884337,4,rust-serial-optimised,rust-serial-optimised__884337.out,gASVFAAAAAAAAAB9lIwEYXJnc5SMBjEgNTAwMJRzLg==
884338,0,rust-serial-optimised,rust-serial-optimised__884338.out,gASVFAAAAAAAAAB9lIwEYXJnc5SMBjIgNTAwMJRzLg==
884339,1,rust-serial-optimised,rust-serial-optimised__884339.out,gASVFAAAAAAAAAB9lIwEYXJnc5SMBjIgNTAwMJRzLg==
884340,2,rust-serial-optimised,rust-serial-optimised__884340.out,gASVFAAAAAAAAAB9lIwEYXJnc5SMBjIgNTAwMJRzLg==
884341,3,rust-serial-optimised,rust-serial-optimised__884341.out,gASVFAAAAAAAAAB9lIwEYXJnc5SMBjIgNTAwMJRzLg==
884342,4,rust-serial-optimised,rust-serial-optimised__884342.out,gASVFAAAAAAAAAB9lIwEYXJnc5SMBjIgNTAwMJRzLg==
884343,0,rust-serial-optimised,rust-serial-optimised__884343.out,gASVFAAAAAAAAAB9lIwEYXJnc5SMBjQgNTAwMJRzLg==
884344,1,rust-serial-optimised,rust-serial-optimised__884344.out,gASVFAAAAAAAAAB9lIwEYXJnc5SMBjQgNTAwMJRzLg==
884345,2,rust-serial-optimised,rust-serial-optimised__884345.out,gASVFAAAAAAAAAB9lIwEYXJnc5SMBjQgNTAwMJRzLg==
884346,3,rust-serial-optimised,rust-serial-optimised__884346.out,gASVFAAAAAAAAAB9lIwEYXJnc5SMBjQgNTAwMJRzLg==
884347,4,rust-serial-optimised,rust-serial-optimised__884347.out,gASVFAAAAAAAAAB9lIwEYXJnc5SMBjQgNTAwMJRzLg==
884348,0,rust-serial-optimised,rust-serial-optimised__884348.out,gASVFAAAAAAAAAB9lIwEYXJnc5SMBjggNTAwMJRzLg==
884349,1,rust-serial-optimised,rust-serial-optimised__884349.out,gASVFAAAAAAAAAB9lIwEYXJnc5SMBjggNTAwMJRzLg==
884350,2,rust-serial-optimised,rust-serial-optimised__884350.out,gASVFAAAAAAAAAB9lIwEYXJnc5SMBjggNTAwMJRzLg==
884351,3,rust-serial-optimised,rust-serial-optimised__884351.out,gASVFAAAAAAAAAB9lIwEYXJnc5SMBjggNTAwMJRzLg==
884352,4,rust-serial-optimised,rust-serial-optimised__884352.out,gASVFAAAAAAAAAB9lIwEYXJnc5SMBjggNTAwMJRzLg==
884353,0,rust-serial-optimised,rust-serial-optimised__884353.out,gASVFQAAAAAAAAB9lIwEYXJnc5SMBzE2IDUwMDCUcy4=
884354,1,rust-serial-optimised,rust-serial-optimised__884354.out,gASVFQAAAAAAAAB9lIwEYXJnc5SMBzE2IDUwMDCUcy4=
884355,2,rust-serial-optimised,rust-serial-optimised__884355.out,gASVFQAAAAAAAAB9lIwEYXJnc5SMBzE2IDUwMDCUcy4=
884356,3,rust-serial-optimised,rust-serial-optimised__884356.out,gASVFQAAAAAAAAB9lIwEYXJnc5SMBzE2IDUwMDCUcy4=
884357,4,rust-serial-optimised,rust-serial-optimised__884357.out,gASVFQAAAAAAAAB9lIwEYXJnc5SMBzE2IDUwMDCUcy4=
884358,0,rust-serial-optimised,rust-serial-optimised__884358.out,gASVFQAAAAAAAAB9lIwEYXJnc5SMBzMyIDUwMDCUcy4=
884359,1,rust-serial-optimised,rust-serial-optimised__884359.out,gASVFQAAAAAAAAB9lIwEYXJnc5SMBzMyIDUwMDCUcy4=
884360,2,rust-serial-optimised,rust-serial-optimised__884360.out,gASVFQAAAAAAAAB9lIwEYXJnc5SMBzMyIDUwMDCUcy4=
884361,3,rust-serial-optimised,rust-serial-optimised__884361.out,gASVFQAAAAAAAAB9lIwEYXJnc5SMBzMyIDUwMDCUcy4=
884362,4,rust-serial-optimised,rust-serial-optimised__884362.out,gASVFQAAAAAAAAB9lIwEYXJnc5SMBzMyIDUwMDCUcy4=
884363,0,rust-serial-optimised,rust-serial-optimised__884363.out,gASVFQAAAAAAAAB9lIwEYXJnc5SMBzY0IDUwMDCUcy4=
884364,1,rust-serial-optimised,rust-serial-optimised__884364.out,gASVFQAAAAAAAAB9lIwEYXJnc5SMBzY0IDUwMDCUcy4=
884365,2,rust-serial-optimised,rust-serial-optimised__884365.out,gASVFQAAAAAAAAB9lIwEYXJnc5SMBzY0IDUwMDCUcy4=
884366,3,rust-serial-optimised,rust-serial-optimised__884366.out,gASVFQAAAAAAAAB9lIwEYXJnc5SMBzY0IDUwMDCUcy4=
884367,4,rust-serial-optimised,rust-serial-optimised__884367.out,gASVFQAAAAAAAAB9lIwEYXJnc5SMBzY0IDUwMDCUcy4=
884368,0,rust-serial-optimised,rust-serial-optimised__884368.out,gASVFgAAAAAAAAB9lIwEYXJnc5SMCDEyOCA1MDAwlHMu
884369,1,rust-serial-optimised,rust-serial-optimised__884369.out,gASVFgAAAAAAAAB9lIwEYXJnc5SMCDEyOCA1MDAwlHMu
884370,2,rust-serial-optimised,rust-serial-optimised__884370.out,gASVFgAAAAAAAAB9lIwEYXJnc5SMCDEyOCA1MDAwlHMu
884371,3,rust-serial-optimised,rust-serial-optimised__884371.out,gASVFgAAAAAAAAB9lIwEYXJnc5SMCDEyOCA1MDAwlHMu
884372,4,rust-serial-optimised,rust-serial-optimised__884372.out,gASVFgAAAAAAAAB9lIwEYXJnc5SMCDEyOCA1MDAwlHMu
